Workbook

Sheet Summary
A1: Air Passenger Market Analysis (Italy - Albania Route)
A3: Total CAGR | B3: =Analysis!B23 -> 0.16472511
A4: Pre-Covid CAGR | B4: =Analysis!B24 -> 0.10070822
A5: Post-Covid CAGR | B5: =Analysis!B25 -> 0.56450097
A6: Volatility | B6: =Analysis!B26 -> 0.48965009
A7: Peak Month Ratio | B7: =Traffic_Data!L7 -> 1.1905953 | C7: Peak month Ratio is ~20% above average demand

Sheet Traffic_Data
A1: Date | B1: Passengers | C1: Month | D1: Year | E1: Season
A2: 42005 | B2: 88895 | C2: =MONTH(Sheet_1[[#This Row],[Date]]) -> 1 | D2: =YEAR(Sheet_1[[#This Row],[Date]]) -> 2015 | E2: =IF(AND(C2>=5,C2<=9),"Summer","Winter") -> Winter
A3: 42036 | B3: 72964 | C3: =MONTH(Sheet_1[[#This Row],[Date]]) -> 2 | D3: =YEAR(Sheet_1[[#This Row],[Date]]) -> 2015 | E3: =IF(AND(C3>=5,C3<=9),"Summer","Winter") -> Winter | K3: Peak Month Analysis (2024)
A4: 42064 | B4: 89135 | C4: =MONTH(Sheet_1[[#This Row],[Date]]) -> 3 | D4: =YEAR(Sheet_1[[#This Row],[Date]]) -> 2015 | E4: =IF(AND(C4>=5,C4<=9),"Summer","Winter") -> Winter | K4: Metric | L4: Value
A5: 42095 | B5: 92849 | C5: =MONTH(Sheet_1[[#This Row],[Date]]) -> 4 | D5: =YEAR(Sheet_1[[#This Row],[Date]]) -> 2015 | E5: =IF(AND(C5>=5,C5<=9),"Summer","Winter") -> Winter | K5: Max Monthly Traffic | L5: =_xlfn.MAXIFS(B:B,D:D,2024) -> 450147
A6: 42125 | B6: 93351 | C6: =MONTH(Sheet_1[[#This Row],[Date]]) -> 5 | D6: =YEAR(Sheet_1[[#This Row],[Date]]) -> 2015 | E6: =IF(AND(C6>=5,C6<=9),"Summer","Winter") -> Summer | K6: Average Monthly Traffic | L6: =AVERAGEIFS(B:B,D:D,2024) -> 378085.67
A7: 42156 | B7: 99730 | C7: =MONTH(Sheet_1[[#This Row],[Date]]) -> 6 | D7: =YEAR(Sheet_1[[#This Row],[Date]]) -> 2015 | E7: =IF(AND(C7>=5,C7<=9),"Summer","Winter") -> Summer | K7: Peak Month Ratio | L7: =L5/L6 -> 1.1905953
A8: 42186 | B8: 112469 | C8: =MONTH(Sheet_1[[#This Row],[Date]]) -> 7 | D8: =YEAR(Sheet_1[[#This Row],[Date]]) -> 2015 | E8: =IF(AND(C8>=5,C8<=9),"Summer","Winter") -> Summer
A9: 42217 | B9: 118598 | C9: =MONTH(Sheet_1[[#This Row],[Date]]) -> 8 | D9: =YEAR(Sheet_1[[#This Row],[Date]]) -> 2015 | E9: =IF(AND(C9>=5,C9<=9),"Summer","Winter") -> Summer
A10: 42248 | B10: 104207 | C10: =MONTH(Sheet_1[[#This Row],[Date]]) -> 9 | D10: =YEAR(Sheet_1[[#This Row],[Date]]) -> 2015 | E10: =IF(AND(C10>=5,C10<=9),"Summer","Winter") -> Summer
A11: 42278 | B11: 95996 | C11: =MONTH(Sheet_1[[#This Row],[Date]]) -> 10 | D11: =YEAR(Sheet_1[[#This Row],[Date]]) -> 2015 | E11: =IF(AND(C11>=5,C11<=9),"Summer","Winter") -> Winter
A12: 42309 | B12: 85187 | C12: =MONTH(Sheet_1[[#This Row],[Date]]) -> 11 | D12: =YEAR(Sheet_1[[#This Row],[Date]]) -> 2015 | E12: =IF(AND(C12>=5,C12<=9),"Summer","Winter") -> Winter
A13: 42339 | B13: 96785 | C13: =MONTH(Sheet_1[[#This Row],[Date]]) -> 12 | D13: =YEAR(Sheet_1[[#This Row],[Date]]) -> 2015 | E13: =IF(AND(C13>=5,C13<=9),"Summer","Winter") -> Winter
A14: 42370 | B14: 96524 | C14: =MONTH(Sheet_1[[#This Row],[Date]]) -> 1 | D14: =YEAR(Sheet_1[[#This Row],[Date]]) -> 2016 | E14: =IF(AND(C14>=5,C14<=9),"Summer","Winter") -> Winter
A15: 42401 | B15: 80193 | C15: =MONTH(Sheet_1[[#This Row],[Date]]) -> 2 | D15: =YEAR(Sheet_1[[#This Row],[Date]]) -> 2016 | E15: =IF(AND(C15>=5,C15<=9),"Summer","Winter") -> Winter
A16: 42430 | B16: 91940 | C16: =MONTH(Sheet_1[[#This Row],[Date]]) -> 3 | D16: =YEAR(Sheet_1[[#This Row],[Date]]) -> 2016 | E16: =IF(AND(C16>=5,C16<=9),"Summer","Winter") -> Winter
A17: 42461 | B17: 85444 | C17: =MONTH(Sheet_1[[#This Row],[Date]]) -> 4 | D17: =YEAR(Sheet_1[[#This Row],[Date]]) -> 2016 | E17: =IF(AND(C17>=5,C17<=9),"Summer","Winter") -> Winter
A18: 42491 | B18: 90510 | C18: =MONTH(Sheet_1[[#This Row],[Date]]) -> 5 | D18: =YEAR(Sheet_1[[#This Row],[Date]]) -> 2016 | E18: =IF(AND(C18>=5,C18<=9),"Summer","Winter") -> Summer
A19: 42522 | B19: 92973 | C19: =MONTH(Sheet_1[[#This Row],[Date]]) -> 6 | D19: =YEAR(Sheet_1[[#This Row],[Date]]) -> 2016 | E19: =IF(AND(C19>=5,C19<=9),"Summer","Winter") -> Summer
... A130: 45901 | B130: 411280 | C130: =MONTH(Sheet_1[[#This Row],[Date]]) -> 9 | D130: =YEAR(Sheet_1[[#This Row],[Date]]) -> 2025 | E130: =IF(AND(C130>=5,C130<=9),"Summer","Winter") -> Summer
A131: 45931 | C131: =MONTH(Sheet_1[[#This Row],[Date]]) -> 10 | D131: =YEAR(Sheet_1[[#This Row],[Date]]) -> 2025 | E131: =IF(AND(C131>=5,C131<=9),"Summer","Winter") -> Winter
A132: 45962 | C132: =MONTH(Sheet_1[[#This Row],[Date]]) -> 11 | D132: =YEAR(Sheet_1[[#This Row],[Date]]) -> 2025 | E132: =IF(AND(C132>=5,C132<=9),"Summer","Winter") -> Winter
A133: 45992 | C133: =MONTH(Sheet_1[[#This Row],[Date]]) -> 12 | D133: =YEAR(Sheet_1[[#This Row],[Date]]) -> 2025 | E133: =IF(AND(C133>=5,C133<=9),"Summer","Winter") -> Winter

Sheet Analysis
A3: Year | B3: Sum of Passengers | C3: YoY Growth | D3: Forecast
A4: 2015 | B4: 1150166
A5: 2016 | B5: 1264355 | C5: =(B5/B4)-1 -> 0.099280452
A6: 2017 | B6: 1493846 | C6: =(B6/B5)-1 -> 0.18150836
A7: 2018 | B7: 1572362 | C7: =(B7/B6)-1 -> 0.052559635
A8: 2019 | B8: 1688299 | C8: =(B8/B7)-1 -> 0.073734293
A9: 2020 | B9: 583539 | C9: =(B9/B8)-1 -> -0.65436276
A10: 2021 | B10: 1184797 | C10: =(B10/B9)-1 -> 1.0303647
A11: 2022 | B11: 2148370 | C11: =(B11/B10)-1 -> 0.81328109
A12: 2023 | B12: 3167211 | C12: =(B12/B11)-1 -> 0.47423907
A13: 2024 | B13: 4537028 | C13: =(B13/B12)-1 -> 0.43249945 | D13: 4537028
A14: 2025 | D14: =B13*1.15 -> 5217582.2
A15: 2026 | D15: =D14*1.1 -> 5739340.4
A21: Traffic CAGR Analysis
A22: Metric | B22: Value | N22: Year | O22: YoY Growth
A23: Traffic CAGR TOT | B23: =(B13/B4)^(1/9)-1 -> 0.16472511 | N23: =A5 -> 2016 | O23: =C5 -> 0.099280452
A24: CAGR Pre-COVID | B24: =(B8/B4)^(1/4)-1 -> 0.10070822 | N24: =A6 -> 2017 | O24: =C6 -> 0.18150836
A25: CAGR Post-COVID | B25: =(B13/B10)^(1/3)-1 -> 0.56450097 | N25: =A7 -> 2018 | O25: =C7 -> 0.052559635
A26: YoY Volatility | B26: =STDEV(C5:C13) -> 0.48965009 | N26: =A8 -> 2019 | O26: =C8 -> 0.073734293
N27: =A9 -> 2020 | O27: =C9 -> -0.65436276
N28: =A10 -> 2021 | O28: =C10 -> 1.0303647
N29: =A11 -> 2022 | O29: =C11 -> 0.81328109
A30: Covid Recovery Analysis | N30: =A12 -> 2023 | O30: =C12 -> 0.47423907
A31: Metric | B31: Value | N31: =A13 -> 2024 | O31: =C13 -> 0.43249945
A32: Pre-Covid Peak 2019 | B32: 1688299
A33: Recovery Year | B33: 2022
A34: Recovery Time (years) | B34: 2
A35: Traffic vs 2019 (2024, x times) | B35: =B13/B8 -> 2.6873368

Sheet Seasonality
A1: Year | B1: 2024
A3: Etichette di riga | B3: Sum of Passengers
A4: Summer | B4: 2142812
A5: Winter | B5: 2394216
A6: Totale complessivo | B6: 4537028
A10: Summer vs Winter Demand
A11: Metric | B11: Value
A12: Summer vs Winter | B12: =B4/B5 -> 0.89499527
